A,B
cmfpr6ey50000xktol9ycmpwq,cmfpr6fbn0007xktoeypnqnxh
cmfpr6ey50000xktol9ycmpwq,cmfpr6fo2000bxktoeiw16z83
cmfpr6ey50000xktol9ycmpwq,cmfpr6fuy000dxkto2r7yt4z2
cmfpr6ey50000xktol9ycmpwq,cmfpr6g3j000gxktoxfe20ab9
cmfpr6ey50000xktol9ycmpwq,cmfpr6g9e000ixktostkk70pb
cmfpr6ey50000xktol9ycmpwq,cmfpr6gcd000jxktodhlf27ik
cmfpr6ey50000xktol9ycmpwq,cmfpr6gfi000kxktocgwv41lm
cmfpr6ey50000xktol9ycmpwq,cmfpr6gif000lxktot61rpkkw
cmfpr6ey50000xktol9ycmpwq,cmfpr6gl6000mxktov0h3lxwh
cmfpr6ey50000xktol9ycmpwq,cmfpr6gnx000nxktosvgprgor
cmfpr6ezm0001xkto4bsrheyj,cmfpr6fes0008xktoz7djau1v
cmfpr6ezm0001xkto4bsrheyj,cmfpr6fl4000axktouodmwltb
cmfpr6ezm0001xkto4bsrheyj,cmfpr6fo2000bxktoeiw16z83
cmfpr6ezm0001xkto4bsrheyj,cmfpr6fxq000exktosp6ikbk0
cmfpr6ezm0001xkto4bsrheyj,cmfpr6g0l000fxktog1f2ucn5
cmfpr6ezm0001xkto4bsrheyj,cmfpr6gcd000jxktodhlf27ik
cmfpr6ezm0001xkto4bsrheyj,cmfpr6gif000lxktot61rpkkw
cmfpr6ezm0001xkto4bsrheyj,cmfpr6gl6000mxktov0h3lxwh
cmfpr6f0x0002xktobkx8kxty,cmfpr6f5g0005xkto2h5xmwf4
cmfpr6f0x0002xktobkx8kxty,cmfpr6fbn0007xktoeypnqnxh
cmfpr6f0x0002xktobkx8kxty,cmfpr6fes0008xktoz7djau1v
cmfpr6f0x0002xktobkx8kxty,cmfpr6fl4000axktouodmwltb
cmfpr6f0x0002xktobkx8kxty,cmfpr6frd000cxkto7hgp3ywy
cmfpr6f0x0002xktobkx8kxty,cmfpr6fuy000dxkto2r7yt4z2
cmfpr6f0x0002xktobkx8kxty,cmfpr6fxq000exktosp6ikbk0
cmfpr6f0x0002xktobkx8kxty,cmfpr6g6i000hxktogsrnxezc
cmfpr6f0x0002xktobkx8kxty,cmfpr6g9e000ixktostkk70pb
cmfpr6f0x0002xktobkx8kxty,cmfpr6gif000lxktot61rpkkw
cmfpr6f0x0002xktobkx8kxty,cmfpr6gqu000oxktomdcel4zh
cmfpr6f2d0003xktowvv7sc0w,cmfpr6fes0008xktoz7djau1v
cmfpr6f2d0003xktowvv7sc0w,cmfpr6fhp0009xkto2jwdc8tl
cmfpr6f2d0003xktowvv7sc0w,cmfpr6gcd000jxktodhlf27ik
cmfpr6f2d0003xktowvv7sc0w,cmfpr6gfi000kxktocgwv41lm
cmfpr6f2d0003xktowvv7sc0w,cmfpr6gl6000mxktov0h3lxwh
cmfpr6f2d0003xktowvv7sc0w,cmfpr6gqu000oxktomdcel4zh
cmfpr6f3k0004xkto291li2iw,cmfpr6f5g0005xkto2h5xmwf4
cmfpr6f3k0004xkto291li2iw,cmfpr6f8t0006xkto28wowtfn
cmfpr6f3k0004xkto291li2iw,cmfpr6fbn0007xktoeypnqnxh
cmfpr6f3k0004xkto291li2iw,cmfpr6fl4000axktouodmwltb
cmfpr6f3k0004xkto291li2iw,cmfpr6fo2000bxktoeiw16z83
cmfpr6f3k0004xkto291li2iw,cmfpr6frd000cxkto7hgp3ywy
cmfpr6f3k0004xkto291li2iw,cmfpr6g6i000hxktogsrnxezc